Estudiante,Carrera,Genero,Edad,Promedio,Horas_estudio
1,Matematicas,M,24,7.22,16.5
2,Medicina,F,20,7.97,15.5
3,Ingenieria,F,24,8.37,9.6
4,Ingenieria,F,25,8.62,19.5
5,Fisica,F,23,9.12,17.5
6,Fisica,F,26,8.39,20.4
7,Fisica,F,23,8.28,9.8
8,Medicina,F,26,9.27,18.0
9,Ingenieria,M,21,8.96,15.1
10,Ingenieria,M,25,8.88,16.6
11,Fisica,M,21,8.58,15.1
12,Medicina,F,19,9.19,18.2
13,Medicina,F,26,8.04,15.3
14,Fisica,M,22,7.95,11.8
15,Fisica,F,21,9.02,16.3
16,Fisica,F,19,7.36,15.1
17,Matematicas,M,18,8.56,15.7
18,Ingenieria,F,24,8.28,5.0
19,Matematicas,F,23,7.52,18.7
20,Matematicas,M,19,7.85,14.7
21,Ingenieria,F,25,8.42,10.6
22,Fisica,M,21,9.22,19.7
23,Matematicas,F,25,8.04,18.5
24,Matematicas,F,24,9.35,14.7
25,Matematicas,F,22,8.54,11.4
26,Ingenieria,M,25,9.42,16.7
27,Fisica,F,26,8.08,16.5
28,Ingenieria,F,22,8.47,19.7
29,Ingenieria,M,22,8.76,14.2
30,Fisica,F,19,8.37,20.8
31,Ingenieria,M,22,9.17,13.8
32,Fisica,F,20,6.95,10.6
33,Fisica,M,24,10.0,11.5
34,Medicina,M,22,9.1,15.8
35,Medicina,M,25,8.38,15.7
36,Medicina,F,18,8.11,17.3
37,Matematicas,M,20,7.89,15.6
38,Fisica,F,20,8.95,19.9
39,Ingenieria,M,26,9.2,15.0
40,Matematicas,M,22,8.39,8.0
41,Fisica,F,26,9.27,15.5
42,Matematicas,F,26,7.86,8.0
43,Fisica,M,18,7.74,17.1
44,Medicina,F,19,9.77,20.2
45,Matematicas,F,22,8.91,12.1
46,Ingenieria,F,21,9.48,21.7
47,Matematicas,M,26,7.9,19.4
48,Ingenieria,M,24,7.85,20.8
49,Ingenieria,F,23,8.25,16.8
50,Fisica,M,24,7.92,12.0
51,Medicina,F,18,8.99,19.1
52,Ingenieria,F,18,7.97,13.5
53,Medicina,F,25,7.68,16.5
54,Medicina,F,19,8.6,15.3
55,Ingenieria,F,26,7.6,20.5
56,Medicina,M,24,7.24,18.9
57,Fisica,F,23,8.59,15.7
58,Fisica,M,18,7.28,8.2
59,Fisica,M,18,9.04,13.5
60,Matematicas,F,19,7.52,18.8
61,Matematicas,F,23,6.93,17.1
62,Matematicas,F,23,8.29,10.0
63,Medicina,F,19,8.6,8.8
64,Matematicas,M,18,8.84,16.8
65,Matematicas,M,22,8.62,11.8
66,Ingenieria,F,22,7.76,12.2
67,Fisica,M,19,9.0,18.7
68,Medicina,M,23,9.17,20.8
69,Fisica,M,26,7.66,13.0
70,Medicina,M,19,8.37,15.8
71,Ingenieria,M,19,8.31,15.7
72,Fisica,M,20,8.65,15.3
73,Fisica,M,24,8.36,16.2
74,Medicina,M,23,8.45,19.0
75,Ingenieria,F,25,8.95,13.3
76,Ingenieria,M,25,7.72,9.9
77,Ingenieria,M,23,9.02,22.8
78,Fisica,F,20,9.3,20.4
79,Matematicas,M,20,9.64,11.6
80,Fisica,F,18,7.0,16.5
81,Medicina,F,24,8.37,20.0
82,Ingenieria,M,22,7.12,19.0
83,Matematicas,M,21,6.8,17.8
84,Fisica,F,21,8.6,15.3
85,Matematicas,F,21,8.22,22.9
86,Matematicas,M,23,8.71,16.9
87,Ingenieria,F,25,8.84,13.9
88,Ingenieria,M,25,9.37,19.5
89,Medicina,F,22,8.54,16.4
90,Matematicas,M,23,10.0,17.4
91,Fisica,F,21,8.71,16.8
92,Ingenieria,F,26,9.79,18.0
93,Ingenieria,F,25,6.87,12.1
94,Ingenieria,M,18,9.44,10.2
95,Ingenieria,M,19,8.37,21.7
96,Matematicas,M,26,7.14,17.0
97,Ingenieria,M,25,8.79,19.1
98,Matematicas,M,20,8.29,9.0
99,Fisica,F,25,8.91,20.3
100,Fisica,M,18,9.21,13.9
101,Fisica,M,21,7.46,12.8
102,Ingenieria,F,20,9.21,15.7
103,Matematicas,F,23,8.5,12.1
104,Ingenieria,F,24,9.45,16.0
105,Medicina,F,21,8.36,15.5
106,Fisica,M,24,8.17,20.2
107,Matematicas,M,26,8.52,22.1
108,Ingenieria,F,19,8.57,21.9
109,Fisica,F,20,8.04,6.9
110,Fisica,M,22,8.15,12.3
111,Matematicas,F,20,7.64,6.9
112,Fisica,M,25,8.2,11.2
113,Medicina,M,25,8.97,13.4
114,Medicina,F,25,8.4,17.6
115,Ingenieria,F,26,9.21,13.9
116,Medicina,F,21,8.37,14.0
117,Medicina,M,22,7.5,16.7
118,Fisica,F,22,8.92,9.2
119,Medicina,M,25,8.03,12.6
120,Ingenieria,M,24,8.34,14.0
121,Medicina,F,26,9.37,15.2
122,Medicina,F,25,7.69,16.3
123,Matematicas,F,19,8.62,22.0
124,Fisica,F,21,8.47,19.6
125,Fisica,F,23,8.99,12.9
126,Matematicas,F,19,9.1,15.0
127,Medicina,M,24,8.68,14.7
128,Medicina,M,20,8.25,13.9
129,Fisica,M,20,8.83,17.1
130,Ingenieria,M,19,9.43,8.6
131,Matematicas,F,25,8.48,19.5
132,Fisica,M,23,8.31,22.8
133,Fisica,M,18,8.77,14.9
134,Matematicas,M,18,8.53,14.8
135,Medicina,F,24,7.56,16.6
136,Matematicas,M,25,8.67,20.1
137,Ingenieria,F,22,7.56,14.7
138,Ingenieria,M,22,8.76,19.7
139,Matematicas,M,21,7.94,18.0
140,Medicina,F,23,8.53,25.4
141,Medicina,F,23,8.77,14.7
142,Matematicas,M,20,10.0,8.1
143,Matematicas,F,26,9.02,10.3
144,Matematicas,F,24,9.46,16.0
145,Matematicas,M,18,9.81,20.1
146,Fisica,F,24,8.84,13.4
147,Ingenieria,F,22,8.7,15.1
148,Ingenieria,F,22,7.75,18.7
149,Fisica,F,19,8.42,12.1
150,Matematicas,F,21,7.99,13.6
151,Medicina,F,23,8.22,11.3
152,Fisica,F,24,9.81,20.7
153,Fisica,F,22,8.58,22.2
154,Matematicas,F,26,7.89,9.7
155,Medicina,F,20,9.46,15.4
156,Fisica,F,18,9.17,21.6
157,Ingenieria,M,21,9.21,17.6
158,Ingenieria,F,26,7.1,14.0
159,Fisica,F,21,9.86,9.8
160,Ingenieria,M,19,8.11,20.6
161,Matematicas,F,22,9.04,17.4
162,Ingenieria,M,20,10.0,10.1
163,Ingenieria,M,26,10.0,20.8
164,Ingenieria,F,21,7.82,9.6
165,Fisica,M,23,7.49,15.1
166,Medicina,F,19,9.5,14.9
167,Matematicas,F,23,8.6,22.5
168,Fisica,M,20,8.15,15.0
169,Fisica,M,26,8.93,14.9
170,Ingenieria,M,19,8.39,10.5
171,Ingenieria,F,26,8.99,13.4
172,Fisica,F,22,8.55,12.7
173,Ingenieria,F,25,9.01,12.9
174,Fisica,M,19,7.87,16.0
175,Ingenieria,F,23,9.5,6.3
176,Fisica,F,20,8.99,10.0
177,Ingenieria,F,22,8.95,15.6
178,Matematicas,M,25,7.72,16.5
179,Medicina,F,18,9.69,15.1
180,Fisica,F,22,8.49,15.8
181,Matematicas,F,20,9.01,14.4
182,Fisica,M,21,8.27,15.9
183,Medicina,F,19,8.68,17.7
184,Medicina,F,26,8.71,17.7
185,Matematicas,M,20,6.53,13.2
186,Ingenieria,F,19,8.91,19.7
187,Medicina,F,26,9.88,16.6
188,Ingenieria,M,24,8.88,20.9
189,Ingenieria,M,23,7.83,21.7
190,Fisica,F,18,8.95,10.2
191,Fisica,M,22,9.24,12.6
192,Medicina,F,20,8.86,19.3
193,Medicina,M,18,8.45,9.3
194,Ingenieria,F,21,8.33,21.7
195,Matematicas,M,19,8.33,14.6
196,Matematicas,F,19,8.99,18.3
197,Ingenieria,F,20,7.52,15.5
198,Medicina,F,25,8.24,10.4
199,Medicina,F,25,9.62,20.2
200,Ingenieria,M,24,9.64,27.0
201,Ingenieria,F,23,7.47,13.9
202,Fisica,M,26,7.71,14.7
203,Fisica,M,21,8.31,5.4
204,Medicina,M,18,9.12,21.4
205,Ingenieria,M,25,7.22,19.6
206,Fisica,F,24,8.46,9.1
207,Fisica,F,24,8.17,7.7
208,Ingenieria,M,20,9.43,8.2
209,Fisica,M,21,7.33,18.6
210,Fisica,F,26,8.56,19.0
211,Ingenieria,M,23,8.22,12.3
212,Ingenieria,M,22,9.53,18.0
213,Ingenieria,M,20,8.92,16.6
214,Fisica,F,26,8.09,14.5
215,Ingenieria,F,22,9.1,19.9
216,Fisica,M,22,8.23,11.2
217,Matematicas,M,21,9.2,20.6
218,Ingenieria,F,21,8.33,13.1
219,Ingenieria,F,18,9.24,23.1
220,Medicina,M,24,8.81,12.0
221,Ingenieria,F,26,10.0,14.6
222,Ingenieria,M,20,8.46,16.2
223,Fisica,M,19,8.77,16.2
224,Matematicas,F,20,8.16,18.0
225,Matematicas,M,18,8.5,10.9
226,Fisica,F,23,6.61,15.9
227,Medicina,M,24,8.83,16.6
228,Matematicas,M,19,9.44,13.9
229,Medicina,F,25,8.78,17.6
230,Ingenieria,M,23,7.58,10.6
231,Ingenieria,F,21,7.94,14.7
232,Ingenieria,M,22,6.8,13.0
233,Ingenieria,M,25,9.19,14.7
234,Matematicas,M,20,7.8,21.8
235,Fisica,F,20,8.48,21.9
236,Ingenieria,M,21,8.39,21.1
237,Matematicas,F,18,9.54,14.2
238,Fisica,M,26,8.56,19.6
239,Ingenieria,F,25,9.07,16.4
240,Fisica,M,25,8.88,16.2
241,Medicina,F,23,9.45,15.7
242,Medicina,F,24,8.33,23.0
243,Medicina,F,23,9.81,21.5
244,Matematicas,F,26,7.11,19.0
245,Fisica,F,20,9.1,15.3
246,Medicina,F,20,7.89,16.2
247,Matematicas,M,20,8.16,18.1
248,Medicina,M,20,8.9,13.9
249,Medicina,F,26,8.89,19.8
250,Medicina,F,21,8.92,12.3
251,Matematicas,F,24,7.53,17.6
252,Matematicas,M,26,9.51,6.8
253,Medicina,M,24,7.87,13.8
254,Matematicas,M,26,7.96,24.3
255,Fisica,F,20,8.95,20.1
256,Ingenieria,M,21,8.3,22.1
257,Medicina,M,25,8.72,13.3
258,Ingenieria,M,23,6.99,16.4
259,Ingenieria,M,22,8.7,21.1
260,Fisica,F,21,8.65,18.5
261,Ingenieria,M,25,8.14,18.0
262,Medicina,F,18,7.05,22.5
263,Fisica,M,26,8.35,11.8
264,Ingenieria,M,18,8.47,15.3
265,Medicina,M,25,8.24,9.0
266,Ingenieria,M,21,7.21,11.6
267,Ingenieria,M,26,9.62,20.3
268,Ingenieria,M,22,8.05,12.3
269,Matematicas,F,20,8.34,18.9
270,Matematicas,M,26,6.81,22.6
271,Medicina,F,26,9.62,15.3
272,Medicina,F,21,8.17,18.1
273,Medicina,F,21,8.57,19.0
274,Medicina,M,25,9.28,11.1
275,Ingenieria,M,19,8.03,13.5
276,Ingenieria,M,26,9.17,12.0
277,Ingenieria,M,23,7.06,13.9
278,Ingenieria,F,26,8.89,18.9
279,Ingenieria,M,25,9.6,13.6
280,Ingenieria,M,24,8.09,15.9
281,Medicina,F,18,9.28,11.8
282,Matematicas,F,20,9.78,20.9
283,Matematicas,F,19,8.32,13.8
284,Fisica,M,22,8.26,22.1
285,Ingenieria,M,22,7.87,16.2
286,Fisica,M,22,8.14,10.4
287,Matematicas,M,21,7.93,15.3
288,Ingenieria,M,22,7.87,11.7
289,Matematicas,M,20,9.34,18.4
290,Ingenieria,M,18,7.95,15.0
291,Fisica,M,22,8.68,16.7
292,Fisica,M,26,8.53,14.5
293,Medicina,F,26,9.55,13.8
294,Matematicas,F,21,8.15,12.1
295,Fisica,F,20,8.77,19.3
296,Ingenieria,M,18,9.05,15.3
297,Ingenieria,M,19,9.54,14.7
298,Fisica,M,25,8.14,15.2
299,Ingenieria,F,18,8.07,13.3
300,Fisica,F,25,7.76,14.8
301,Fisica,M,24,10.0,16.8
302,Ingenieria,F,25,9.47,11.9
303,Ingenieria,M,23,8.47,12.4
304,Ingenieria,F,26,9.85,21.5
305,Ingenieria,F,20,8.43,14.5
306,Medicina,F,21,9.01,13.8
307,Ingenieria,F,23,8.51,10.6
308,Matematicas,F,25,8.78,19.4
309,Ingenieria,M,22,8.7,11.8
310,Matematicas,F,20,8.2,15.9
311,Matematicas,M,23,9.26,9.2
312,Fisica,F,21,9.0,19.3
313,Fisica,F,26,9.22,20.7
314,Medicina,F,20,8.72,17.9
315,Medicina,M,21,7.87,9.9
316,Ingenieria,F,24,9.7,19.4
317,Matematicas,F,24,8.32,12.7
318,Fisica,F,21,8.75,11.3
319,Fisica,M,23,8.94,14.5
320,Matematicas,M,20,8.75,14.4
321,Ingenieria,M,23,9.14,14.0
322,Ingenieria,M,19,9.25,21.1
323,Ingenieria,F,25,8.34,24.0
324,Matematicas,M,19,9.64,10.5
325,Medicina,F,24,8.31,13.2
326,Ingenieria,M,26,8.74,16.6
327,Ingenieria,M,18,8.23,14.4
328,Ingenieria,F,25,8.03,17.6
329,Matematicas,F,24,9.23,19.7
330,Fisica,M,23,10.0,19.0
331,Matematicas,F,23,8.25,18.4
332,Ingenieria,F,23,9.35,22.6
333,Fisica,M,26,8.27,9.6
334,Fisica,F,19,8.49,21.9
335,Fisica,F,18,9.73,14.3
336,Fisica,F,23,7.75,19.1
337,Medicina,M,25,7.56,11.9
338,Ingenieria,F,20,8.44,12.4
339,Matematicas,M,18,8.96,18.6
340,Fisica,M,26,8.82,8.3
341,Matematicas,M,18,8.75,20.0
342,Matematicas,M,20,8.52,21.0
343,Fisica,F,25,9.05,16.7
344,Matematicas,F,20,6.46,16.6
345,Matematicas,F,21,7.97,12.7
346,Ingenieria,M,25,8.43,18.7
347,Ingenieria,M,18,8.99,17.4
348,Fisica,M,23,9.54,12.3
349,Matematicas,F,18,7.88,14.4
350,Ingenieria,M,18,9.52,15.4
351,Ingenieria,F,25,8.18,14.4
352,Medicina,F,21,8.41,10.5
353,Ingenieria,M,18,8.91,18.8
354,Fisica,F,24,8.36,15.0
355,Fisica,M,22,9.28,16.1
356,Ingenieria,F,22,8.22,13.7
357,Fisica,F,18,8.23,17.9
358,Ingenieria,M,23,9.24,16.8
359,Medicina,M,26,7.97,20.9
360,Ingenieria,F,26,8.67,17.9
361,Matematicas,F,25,7.34,15.2
362,Ingenieria,M,22,9.77,13.0
363,Matematicas,F,18,9.34,19.5
364,Ingenieria,F,26,10.0,14.9
365,Medicina,F,18,9.44,15.3
366,Matematicas,M,25,7.71,15.3
367,Medicina,F,22,8.97,14.4
368,Medicina,F,20,7.86,15.4
369,Fisica,M,24,9.6,23.7
370,Fisica,M,24,7.73,11.8
371,Fisica,F,26,7.7,12.7
372,Fisica,M,24,7.37,21.5
373,Fisica,F,20,8.16,14.5
374,Ingenieria,M,18,8.02,14.2
375,Fisica,M,25,7.62,20.1
376,Matematicas,F,20,9.89,10.3
377,Medicina,M,25,8.87,19.3
378,Fisica,M,25,8.79,16.2
379,Medicina,M,22,9.61,17.9
380,Matematicas,F,18,8.68,17.8
381,Fisica,M,24,7.98,13.5
382,Ingenieria,M,22,7.31,20.2
383,Ingenieria,F,25,7.94,13.8
384,Medicina,M,26,9.55,17.6
385,Ingenieria,F,24,7.62,21.0
386,Medicina,M,24,8.75,21.5
387,Matematicas,F,18,9.22,14.9
388,Fisica,M,21,8.7,17.9
389,Ingenieria,F,19,8.78,14.6
390,Medicina,M,19,8.96,26.0
391,Medicina,M,19,8.77,19.1
392,Matematicas,M,21,9.63,16.3
393,Matematicas,M,18,7.77,17.3
394,Ingenieria,M,21,8.67,17.6
395,Matematicas,M,19,7.23,17.7
396,Medicina,F,22,7.05,15.0
397,Medicina,M,20,8.44,14.4
398,Matematicas,M,25,8.88,15.4
399,Ingenieria,F,21,9.64,11.4
400,Ingenieria,F,18,10.0,18.9
401,Fisica,M,18,9.42,12.8
402,Medicina,M,20,9.01,11.8
403,Ingenieria,M,26,8.61,15.9
404,Medicina,F,24,7.43,15.5
405,Matematicas,F,19,8.4,17.0
406,Medicina,M,26,9.4,13.7
407,Matematicas,F,19,9.13,14.4
408,Fisica,F,20,7.6,18.8
409,Medicina,F,19,8.93,18.5
410,Fisica,F,20,8.87,18.4
411,Matematicas,M,23,8.74,16.1
412,Medicina,M,26,8.48,16.7
413,Medicina,M,26,8.97,16.9
414,Ingenieria,M,24,8.99,13.4
415,Ingenieria,F,20,8.05,21.9
416,Matematicas,F,21,8.82,21.3
417,Matematicas,M,23,8.37,19.2
418,Matematicas,M,22,7.46,14.3
419,Ingenieria,M,19,8.11,18.2
420,Ingenieria,F,23,7.41,19.9
421,Ingenieria,M,20,9.19,11.1
422,Ingenieria,M,25,8.75,22.8
423,Fisica,M,19,8.25,9.0
424,Matematicas,M,18,9.49,18.8
425,Fisica,F,26,8.55,21.8
426,Ingenieria,F,20,7.5,15.5
427,Matematicas,M,18,8.19,15.4
428,Medicina,F,24,9.64,18.7
429,Matematicas,F,22,8.03,23.4
430,Fisica,F,22,8.69,14.9
431,Fisica,M,18,9.02,12.9
432,Ingenieria,M,26,8.91,14.3
433,Ingenieria,M,24,10.0,9.8
434,Fisica,F,25,7.68,19.6
435,Fisica,M,26,7.75,13.9
436,Ingenieria,M,23,7.69,15.2
437,Fisica,M,22,8.29,19.6
438,Medicina,F,23,9.27,14.5
439,Ingenieria,M,19,7.78,19.0
440,Fisica,F,21,9.28,11.8
441,Fisica,F,20,8.52,19.8
442,Medicina,M,24,7.72,17.4
443,Matematicas,F,26,7.27,15.6
444,Matematicas,M,22,7.43,16.5
445,Medicina,F,23,8.03,10.9
446,Medicina,M,19,8.38,16.4
447,Medicina,F,20,9.44,15.4
448,Ingenieria,F,20,9.06,11.0
449,Matematicas,F,26,7.91,13.3
450,Fisica,F,24,8.79,15.5
451,Ingenieria,M,25,9.66,13.6
452,Ingenieria,F,26,9.81,6.4
453,Matematicas,F,23,8.28,20.3
454,Medicina,F,21,9.17,15.4
455,Fisica,M,18,9.47,6.9
456,Matematicas,F,25,7.45,24.5
457,Fisica,F,24,8.14,21.0
458,Matematicas,F,19,10.0,14.6
459,Fisica,M,25,8.29,12.6
460,Fisica,F,22,6.45,17.6
461,Fisica,M,24,8.42,16.8
462,Ingenieria,F,21,9.29,18.2
463,Ingenieria,M,22,8.5,12.6
464,Ingenieria,F,25,9.0,20.4
465,Medicina,F,18,9.16,14.1
466,Matematicas,M,18,8.25,18.7
467,Matematicas,F,21,8.14,12.8
468,Medicina,M,20,8.61,26.6
469,Fisica,F,19,8.62,18.8
470,Medicina,F,20,8.54,27.5
471,Fisica,F,18,8.57,19.3
472,Medicina,F,18,7.98,13.8
473,Fisica,F,23,9.03,19.3
474,Medicina,M,22,8.92,19.6
475,Ingenieria,M,25,7.56,17.5
476,Medicina,F,19,8.23,18.5
477,Fisica,F,21,8.57,19.0
478,Ingenieria,F,25,8.13,12.0
479,Medicina,F,23,8.95,11.7
480,Ingenieria,M,18,8.45,12.8
481,Ingenieria,F,21,8.62,16.5
482,Ingenieria,M,18,8.22,15.1
483,Matematicas,F,19,7.1,12.1
484,Ingenieria,M,22,7.06,19.1
485,Ingenieria,M,25,8.91,17.1
486,Medicina,M,25,8.69,16.7
487,Fisica,M,20,8.81,15.0
488,Matematicas,F,21,8.59,14.5
489,Medicina,M,23,8.65,12.6
490,Medicina,M,20,9.18,19.7
491,Matematicas,M,19,8.81,13.2
492,Ingenieria,M,23,9.23,16.8
493,Matematicas,M,22,8.62,22.6
494,Fisica,M,22,8.29,14.7
495,Matematicas,F,22,8.64,19.8
496,Matematicas,F,22,7.91,18.3
497,Ingenieria,F,20,8.23,17.2
498,Fisica,M,24,8.62,17.7
499,Medicina,M,23,8.62,15.6
500,Medicina,F,21,8.43,16.1
501,Ingenieria,M,19,7.53,13.8
502,Ingenieria,M,26,8.95,16.2
503,Matematicas,M,18,9.08,13.7
504,Medicina,M,21,9.65,20.0
505,Ingenieria,M,18,8.81,9.2
506,Fisica,M,23,8.5,17.9
507,Medicina,F,21,7.79,17.3
508,Medicina,F,22,9.54,17.0
509,Medicina,F,22,8.67,20.1
510,Ingenieria,F,26,8.64,14.9
511,Ingenieria,F,18,8.32,17.0
512,Matematicas,F,19,8.28,9.1
513,Medicina,F,23,8.98,14.3
514,Medicina,M,22,7.78,19.4
515,Fisica,M,24,9.64,10.6
516,Fisica,M,20,9.49,16.6
517,Matematicas,F,20,8.25,13.3
518,Medicina,F,19,7.9,15.6
519,Medicina,M,20,7.09,13.5
520,Fisica,F,18,7.62,11.0
521,Ingenieria,M,22,9.01,17.5
522,Matematicas,F,22,8.72,15.8
523,Medicina,M,24,8.85,18.5
524,Medicina,M,21,7.21,19.2
525,Medicina,M,20,8.22,20.9
526,Matematicas,M,18,9.46,16.5
527,Matematicas,M,25,8.43,21.1
528,Matematicas,M,20,7.61,12.1
529,Fisica,F,19,8.42,19.6
530,Medicina,F,21,7.96,17.8
531,Medicina,M,20,8.73,16.9
532,Medicina,F,18,8.51,17.8
533,Medicina,F,20,8.88,12.2
534,Ingenieria,M,19,7.65,11.2
535,Ingenieria,M,25,8.19,22.8
536,Medicina,M,23,9.26,15.3
537,Medicina,M,26,7.55,15.3
538,Fisica,F,25,7.8,11.6
539,Matematicas,M,20,8.64,10.1
540,Fisica,F,22,8.7,15.6
541,Medicina,F,24,8.16,14.6
542,Ingenieria,M,22,8.31,16.0
543,Fisica,F,25,8.87,16.3
544,Ingenieria,M,22,9.09,26.0
545,Ingenieria,F,18,7.75,14.6
546,Matematicas,M,22,8.76,22.3
547,Fisica,F,21,9.56,22.6
548,Ingenieria,F,23,8.42,19.0
549,Ingenieria,M,20,7.74,15.1
550,Ingenieria,F,22,7.71,10.6
551,Ingenieria,F,19,8.39,17.9
552,Medicina,F,23,9.23,20.1
553,Ingenieria,F,23,8.47,23.0
554,Ingenieria,F,22,8.63,12.2
555,Medicina,M,23,7.8,15.0
556,Matematicas,M,24,9.19,12.2
557,Fisica,F,22,7.7,13.5
558,Fisica,M,18,8.15,18.7
559,Ingenieria,F,25,8.94,13.3
560,Ingenieria,F,21,7.07,12.7
561,Ingenieria,M,26,8.62,19.2
562,Fisica,M,23,7.77,17.8
563,Fisica,F,18,8.51,17.4
564,Fisica,M,20,8.25,13.4
565,Matematicas,F,20,9.97,21.2
566,Ingenieria,M,21,8.22,16.1
567,Matematicas,F,23,9.79,25.5
568,Matematicas,M,24,8.91,16.6
569,Medicina,F,21,7.94,6.7
570,Matematicas,M,23,8.73,6.5
571,Ingenieria,F,18,8.29,18.5
572,Ingenieria,M,25,8.67,21.2
573,Matematicas,F,24,8.0,12.9
574,Ingenieria,F,26,9.68,24.4
575,Medicina,M,20,9.15,22.7
576,Medicina,M,19,8.52,16.8
577,Fisica,M,18,9.71,18.2
578,Medicina,F,20,8.55,19.6
579,Matematicas,F,22,9.27,23.6
580,Matematicas,F,19,8.53,18.7
581,Matematicas,M,20,8.78,16.8
582,Medicina,M,21,8.44,18.7
583,Matematicas,F,24,8.57,18.1
584,Matematicas,M,20,8.62,19.7
585,Ingenieria,F,26,8.03,9.7
586,Fisica,M,25,8.22,17.3
587,Fisica,F,21,8.35,17.8
588,Fisica,M,18,8.66,15.7
589,Fisica,M,18,8.48,19.1
590,Fisica,F,18,9.32,23.7
591,Fisica,F,18,9.09,16.6
592,Ingenieria,F,25,8.36,18.8
593,Fisica,M,20,9.47,22.4
594,Matematicas,M,23,9.81,16.6
595,Medicina,F,20,7.07,12.4
596,Matematicas,F,22,9.15,18.5
597,Ingenieria,M,24,8.01,7.2
598,Fisica,M,19,9.06,6.8
599,Fisica,M,23,9.37,17.3
600,Fisica,F,23,7.89,6.6
601,Fisica,M,20,7.2,10.7
602,Matematicas,M,23,9.08,14.5
603,Fisica,M,22,8.59,13.1
604,Fisica,M,19,7.33,15.4
605,Fisica,M,26,10.0,20.5
606,Matematicas,M,25,8.94,17.0
607,Fisica,M,20,8.97,12.6
608,Matematicas,F,25,9.46,21.4
609,Ingenieria,M,26,8.09,10.3
610,Ingenieria,F,20,8.59,16.9
611,Fisica,F,20,7.58,9.8
612,Ingenieria,F,19,8.07,17.0
613,Ingenieria,F,25,8.77,14.7
614,Fisica,M,18,7.33,20.3
615,Medicina,M,25,8.05,18.9
616,Medicina,F,24,7.85,13.7
617,Fisica,F,24,8.6,12.9
618,Matematicas,F,20,8.9,14.7
619,Medicina,F,18,9.02,23.5
620,Ingenieria,F,21,9.2,22.5
621,Fisica,M,26,9.46,12.1
622,Fisica,M,22,8.93,19.2
623,Matematicas,F,18,9.82,9.1
624,Matematicas,F,22,8.58,14.2
625,Ingenieria,M,25,8.38,12.3
626,Matematicas,F,25,8.93,20.3
627,Matematicas,M,22,8.35,10.8
628,Ingenieria,F,26,9.8,17.7
629,Fisica,M,18,9.29,16.0
630,Matematicas,M,21,9.03,15.3
631,Ingenieria,F,20,8.59,22.7
632,Medicina,M,19,8.21,23.0
633,Ingenieria,F,25,8.99,15.4
634,Ingenieria,F,24,7.71,14.6
635,Fisica,F,26,9.57,10.0
636,Matematicas,M,19,8.38,16.0
637,Ingenieria,M,21,8.71,23.8
638,Fisica,M,23,7.86,15.5
639,Matematicas,F,20,9.01,18.9
640,Matematicas,F,25,8.18,10.4
641,Fisica,F,20,8.95,14.3
642,Matematicas,F,19,9.03,17.8
643,Fisica,F,20,8.05,16.4
644,Matematicas,F,23,7.71,19.3
645,Fisica,M,19,9.57,13.6
646,Medicina,F,25,8.37,9.0
647,Ingenieria,M,18,8.66,20.5
648,Ingenieria,F,24,8.84,12.3
649,Ingenieria,F,19,7.62,18.0
650,Matematicas,F,23,8.82,17.8
651,Fisica,M,19,8.57,9.3
652,Ingenieria,M,19,8.05,20.2
653,Ingenieria,M,25,7.69,13.7
654,Ingenieria,M,19,8.92,16.2
655,Matematicas,M,24,9.29,14.6
656,Fisica,F,20,8.63,22.5
657,Matematicas,F,25,7.5,21.4
658,Matematicas,M,24,7.76,8.8
659,Ingenieria,M,25,8.2,25.0
660,Ingenieria,M,24,9.6,13.3
661,Matematicas,F,23,8.33,24.4
662,Medicina,M,24,8.17,15.0
663,Ingenieria,F,22,7.33,14.6
664,Fisica,M,24,8.04,15.0
665,Fisica,F,18,7.64,14.4
666,Fisica,F,18,7.8,26.1
667,Fisica,M,26,8.58,15.7
668,Fisica,F,22,8.22,14.8
669,Fisica,M,22,9.69,16.3
670,Matematicas,F,20,9.25,12.1
671,Fisica,M,22,8.07,22.4
672,Medicina,F,20,7.86,10.1
673,Fisica,F,26,9.47,13.5
674,Ingenieria,F,26,9.66,19.7
675,Matematicas,F,23,6.96,16.2
676,Medicina,M,18,8.57,18.2
677,Fisica,M,24,8.32,22.1
678,Matematicas,M,24,8.95,20.0
679,Medicina,M,21,9.86,16.5
680,Medicina,F,25,8.16,24.4
681,Medicina,M,23,7.06,13.5
682,Matematicas,F,21,8.91,15.6
683,Fisica,F,21,9.47,15.9
684,Ingenieria,F,19,8.29,15.6
685,Medicina,M,19,8.01,11.7
686,Ingenieria,F,21,8.19,9.7
687,Ingenieria,F,22,9.1,17.7
688,Matematicas,M,25,8.18,13.5
689,Ingenieria,F,23,8.73,23.6
690,Fisica,F,21,8.52,15.7
691,Matematicas,M,24,8.45,15.0
692,Matematicas,M,25,8.99,20.4
693,Ingenieria,M,19,8.16,17.6
694,Fisica,M,24,8.2,15.3
695,Fisica,M,19,9.06,13.4
696,Ingenieria,M,19,7.81,30.0
697,Matematicas,M,25,7.88,17.4
698,Ingenieria,M,19,7.62,20.3
699,Fisica,F,26,9.09,11.9
700,Matematicas,F,18,8.43,13.7
701,Ingenieria,F,26,7.58,24.4
702,Fisica,M,18,9.1,21.6
703,Matematicas,M,19,8.11,17.8
704,Fisica,M,23,7.89,14.5
705,Fisica,M,23,8.36,15.1
706,Medicina,M,18,9.54,13.3
707,Matematicas,F,24,8.22,11.4
708,Medicina,M,25,8.9,19.7
709,Matematicas,F,19,9.01,18.2
710,Ingenieria,F,25,8.81,18.9
711,Ingenieria,M,26,9.39,14.7
712,Ingenieria,M,23,8.01,17.0
713,Matematicas,F,22,7.77,14.3
714,Matematicas,M,26,7.76,13.1
715,Matematicas,M,26,8.4,22.7
716,Medicina,F,18,7.84,16.5
717,Medicina,M,20,8.6,18.0
718,Medicina,F,26,8.55,19.3
719,Fisica,F,19,9.21,16.5
720,Ingenieria,M,21,8.7,17.0
721,Medicina,M,21,8.21,11.7
722,Fisica,M,19,8.79,12.4
723,Fisica,M,20,7.78,12.2
724,Ingenieria,M,20,8.47,18.4
725,Ingenieria,F,18,8.72,16.3
726,Medicina,M,23,8.59,12.4
727,Fisica,M,25,8.79,18.3
728,Ingenieria,F,20,8.05,18.2
729,Fisica,F,22,9.31,13.2
730,Fisica,F,18,9.78,15.9
731,Fisica,M,24,7.38,18.2
732,Medicina,F,18,7.65,12.6
733,Ingenieria,F,26,8.53,18.3
734,Ingenieria,M,25,8.32,17.2
735,Matematicas,M,24,9.83,12.0
736,Medicina,F,24,8.65,16.9
737,Matematicas,M,22,9.47,17.5
738,Medicina,M,22,7.07,13.5
739,Matematicas,M,22,9.07,13.8
740,Matematicas,M,18,8.0,12.0
741,Matematicas,F,25,7.99,14.2
742,Matematicas,F,18,8.33,16.0
743,Ingenieria,F,21,7.5,13.8
744,Ingenieria,M,26,8.81,10.1
745,Fisica,M,26,8.63,13.2
746,Medicina,M,22,8.69,14.3
747,Matematicas,M,21,9.12,19.3
748,Ingenieria,M,20,9.56,18.4
749,Medicina,F,20,8.25,19.3
750,Ingenieria,M,22,8.83,13.0
751,Fisica,F,18,8.71,16.6
752,Medicina,M,22,8.76,6.3
753,Ingenieria,M,23,8.77,17.7
754,Matematicas,M,24,9.61,18.4
755,Fisica,F,26,8.18,14.6
756,Ingenieria,F,20,7.43,17.2
757,Ingenieria,F,19,8.01,9.9
758,Ingenieria,M,20,9.03,12.8
759,Medicina,M,26,8.52,19.1
760,Ingenieria,F,24,8.17,18.0
761,Fisica,M,26,7.75,14.4
762,Matematicas,F,19,8.65,19.2
763,Fisica,M,22,8.95,16.6
764,Ingenieria,M,21,8.71,14.0
765,Fisica,M,19,8.32,15.3
766,Ingenieria,M,26,8.6,14.2
767,Ingenieria,F,26,8.6,11.3
768,Medicina,M,23,8.63,21.0
769,Matematicas,M,23,7.67,13.7
770,Medicina,M,25,8.64,12.7
771,Fisica,M,23,8.19,9.9
772,Medicina,F,18,9.23,5.5
773,Fisica,F,21,8.59,18.8
774,Matematicas,F,24,9.08,19.2
775,Ingenieria,F,19,8.29,20.8
776,Fisica,M,26,8.31,15.4
777,Fisica,F,25,9.55,14.7
778,Ingenieria,M,25,8.81,14.0
779,Ingenieria,M,24,8.0,14.3
780,Ingenieria,F,21,9.13,20.5
781,Ingenieria,M,19,8.13,15.9
782,Ingenieria,F,20,8.66,17.5
783,Matematicas,M,23,9.79,14.2
784,Matematicas,F,22,7.5,21.3
785,Fisica,F,25,8.38,8.4
786,Medicina,F,23,8.79,11.1
787,Ingenieria,F,23,9.04,17.5
788,Matematicas,F,18,7.63,23.0
789,Matematicas,M,21,7.42,15.1
790,Medicina,M,22,9.26,12.6
791,Fisica,M,20,8.0,20.0
792,Ingenieria,F,26,7.97,17.3
793,Ingenieria,M,18,9.59,21.2
794,Ingenieria,F,23,8.55,10.8
795,Fisica,M,23,8.55,20.8
796,Medicina,M,22,8.37,9.8
797,Medicina,F,22,7.64,14.8
798,Ingenieria,M,22,8.97,17.7
799,Ingenieria,M,23,8.79,16.7
800,Medicina,M,25,8.62,20.2
801,Ingenieria,F,19,8.42,8.7
802,Fisica,F,23,8.3,16.6
803,Ingenieria,M,18,9.14,20.8
804,Ingenieria,M,21,8.4,16.2
805,Matematicas,M,20,8.46,11.4
806,Ingenieria,F,26,8.87,20.0
807,Medicina,F,20,8.65,13.4
808,Medicina,M,23,9.65,12.7
809,Matematicas,M,18,7.27,12.2
810,Fisica,M,23,8.71,15.2
811,Medicina,F,21,8.01,16.7
812,Medicina,F,25,7.84,10.9
813,Fisica,M,26,8.18,11.7
814,Medicina,M,21,8.54,13.2
815,Medicina,M,23,8.57,12.2
816,Ingenieria,F,18,7.44,16.1
817,Ingenieria,M,21,8.12,17.4
818,Matematicas,F,24,8.7,16.9
819,Fisica,F,18,7.89,16.9
820,Matematicas,M,25,7.72,22.7
821,Medicina,M,23,6.92,17.7
822,Fisica,M,22,8.04,19.1
823,Matematicas,F,26,7.7,14.3
824,Matematicas,F,19,7.81,19.8
825,Ingenieria,F,22,8.31,14.2
826,Medicina,F,23,8.08,17.6
827,Matematicas,M,24,7.68,10.5
828,Matematicas,F,22,7.02,16.7
829,Ingenieria,F,26,8.71,12.1
830,Matematicas,M,18,9.03,19.7
831,Fisica,F,24,8.22,19.5
832,Matematicas,F,24,8.31,14.1
833,Fisica,F,21,8.5,24.2
834,Fisica,F,26,9.61,14.9
835,Matematicas,F,22,7.4,9.6
836,Matematicas,F,21,8.21,12.9
837,Medicina,M,24,7.29,11.8
838,Matematicas,M,21,8.75,17.5
839,Ingenieria,F,20,8.4,11.1
840,Ingenieria,M,26,8.64,13.8
841,Fisica,M,25,8.61,17.3
842,Ingenieria,M,18,9.19,16.6
843,Fisica,M,24,8.88,15.9
844,Medicina,F,26,9.08,16.5
845,Fisica,F,25,7.75,14.5
846,Matematicas,M,25,9.34,9.6
847,Fisica,M,23,7.99,14.4
848,Medicina,M,21,8.03,17.9
849,Ingenieria,F,25,8.69,15.5
850,Ingenieria,F,20,8.71,17.6
851,Fisica,M,26,7.75,13.7
852,Ingenieria,F,19,8.38,20.0
853,Fisica,F,19,9.54,5.8
854,Medicina,F,24,7.47,16.6
855,Fisica,F,21,9.54,21.4
856,Fisica,M,25,8.33,22.0
857,Fisica,F,26,6.86,15.1
858,Matematicas,M,24,7.54,10.7
859,Ingenieria,F,22,7.83,21.5
860,Fisica,F,25,8.06,15.8
861,Ingenieria,F,21,8.43,15.4
862,Matematicas,F,19,6.61,12.4
863,Ingenieria,M,23,8.63,11.0
864,Matematicas,F,26,7.76,18.3
865,Matematicas,F,18,9.47,18.7
866,Ingenieria,F,24,8.31,16.8
867,Fisica,M,26,9.16,12.9
868,Fisica,M,26,9.28,11.7
869,Medicina,M,20,9.26,10.3
870,Medicina,F,22,8.1,13.8
871,Matematicas,F,25,8.09,12.0
872,Matematicas,M,25,8.34,9.2
873,Ingenieria,M,21,8.95,18.6
874,Matematicas,F,18,8.14,10.7
875,Fisica,F,18,8.42,19.9
876,Fisica,F,21,8.69,17.6
877,Ingenieria,F,23,7.87,17.2
878,Ingenieria,M,25,7.82,22.7
879,Fisica,M,23,8.39,10.9
880,Fisica,F,26,8.48,19.5
881,Fisica,F,26,8.8,14.8
882,Ingenieria,F,19,8.97,26.3
883,Fisica,F,18,7.73,14.5
884,Fisica,F,19,7.93,13.8
885,Ingenieria,M,22,7.82,17.7
886,Fisica,M,21,9.49,15.2
887,Ingenieria,M,21,8.42,13.0
888,Fisica,M,26,8.51,12.1
889,Fisica,F,25,8.54,21.8
890,Fisica,F,23,8.0,11.3
891,Ingenieria,M,18,9.59,16.9
892,Medicina,M,19,8.79,20.2
893,Medicina,F,23,8.53,20.4
894,Matematicas,M,19,7.73,13.6
895,Ingenieria,F,22,7.69,15.2
896,Fisica,F,22,8.28,14.4
897,Matematicas,F,23,8.01,9.9
898,Medicina,M,23,7.75,18.2
899,Fisica,M,23,8.24,16.2
900,Fisica,F,19,8.35,21.8
901,Fisica,F,20,8.6,12.7
902,Fisica,M,23,8.15,20.4
903,Fisica,F,25,7.79,20.6
904,Ingenieria,M,18,7.82,16.2
905,Matematicas,F,18,9.35,7.3
906,Medicina,M,19,7.62,13.9
907,Medicina,F,23,8.75,23.1
908,Matematicas,M,26,8.86,17.2
909,Matematicas,M,21,8.42,18.8
910,Matematicas,M,20,9.74,15.6
911,Ingenieria,M,25,8.85,15.1
912,Matematicas,F,26,9.79,8.5
913,Ingenieria,F,22,8.04,19.2
914,Matematicas,M,26,8.06,20.3
915,Ingenieria,M,19,8.87,12.2
916,Matematicas,F,20,8.32,15.3
917,Matematicas,F,24,9.68,14.7
918,Medicina,F,24,8.74,17.7
919,Ingenieria,M,23,7.77,13.8
920,Fisica,M,23,7.28,19.7
921,Medicina,F,19,8.45,16.3
922,Matematicas,M,23,8.44,5.8
923,Medicina,F,21,8.72,17.8
924,Ingenieria,M,20,9.35,20.0
925,Matematicas,F,19,9.26,11.4
926,Fisica,M,18,8.09,17.6
927,Matematicas,F,22,7.59,23.3
928,Ingenieria,M,19,7.64,16.4
929,Ingenieria,F,19,7.98,20.6
930,Matematicas,M,24,8.24,14.2
931,Fisica,F,25,8.71,15.9
932,Medicina,F,25,7.94,15.2
933,Medicina,F,21,8.7,14.5
934,Ingenieria,F,18,8.75,15.4
935,Fisica,F,24,8.6,9.5
936,Matematicas,F,18,7.71,14.7
937,Fisica,M,21,8.83,21.4
938,Medicina,F,25,9.96,12.1
939,Fisica,M,19,8.67,11.7
940,Ingenieria,M,23,6.43,16.2
941,Matematicas,M,23,9.37,16.4
942,Ingenieria,M,26,8.01,17.5
943,Ingenieria,F,22,10.0,15.5
944,Medicina,F,21,8.58,16.3
945,Fisica,F,22,7.32,14.6
946,Fisica,M,22,7.05,10.9
947,Fisica,M,25,9.58,15.7
948,Medicina,M,25,9.27,18.9
949,Medicina,M,19,10.0,18.1
950,Ingenieria,M,24,8.51,9.0
951,Ingenieria,M,25,8.46,17.0
952,Ingenieria,M,23,8.23,12.4
953,Fisica,F,22,8.04,21.6
954,Medicina,F,26,8.23,17.3
955,Matematicas,F,20,8.65,19.6
956,Matematicas,F,21,7.91,16.1
957,Ingenieria,F,26,7.33,15.7
958,Fisica,M,23,8.61,22.0
959,Fisica,F,25,7.89,19.9
960,Ingenieria,F,24,6.23,16.5
961,Fisica,M,19,8.89,15.2
962,Ingenieria,M,20,7.72,9.2
963,Fisica,F,18,8.96,17.3
964,Matematicas,M,26,8.95,15.5
965,Matematicas,F,24,8.7,18.2
966,Matematicas,F,18,10.0,19.4
967,Ingenieria,M,20,8.4,20.9
968,Matematicas,M,21,8.3,17.3
969,Ingenieria,M,21,8.98,11.8
970,Matematicas,M,22,8.46,7.4
971,Ingenieria,M,20,9.31,12.7
972,Medicina,F,20,7.61,21.3
973,Ingenieria,M,18,7.62,23.3
974,Fisica,M,24,9.04,15.0
975,Fisica,M,18,7.68,10.2
976,Matematicas,F,19,8.93,13.4
977,Ingenieria,M,21,8.76,20.6
978,Fisica,M,21,8.01,13.6
979,Matematicas,F,22,8.76,18.4
980,Ingenieria,F,19,7.64,16.7
981,Matematicas,M,21,7.8,18.8
982,Ingenieria,F,18,8.33,23.3
983,Fisica,M,19,8.56,18.4
984,Fisica,M,18,8.29,16.6
985,Ingenieria,M,21,8.8,23.7
986,Matematicas,M,21,8.77,17.4
987,Ingenieria,F,24,9.57,12.8
988,Matematicas,M,26,8.43,18.7
989,Fisica,M,26,9.34,17.8
990,Medicina,F,22,9.14,14.8
991,Ingenieria,F,18,10.0,13.9
992,Ingenieria,M,18,8.41,14.8
993,Matematicas,F,23,8.21,13.9
994,Ingenieria,M,19,9.38,14.9
995,Matematicas,F,25,8.77,12.6
996,Fisica,F,26,9.4,17.5
997,Medicina,F,21,9.0,17.2
998,Fisica,M,22,7.03,17.4
999,Medicina,M,25,8.76,15.8
1000,Matematicas,M,20,8.72,15.3
